{"cameraMode":{"drawMode":0,"name":"Shaded","section":"Shading Mode"},"sceneLighting":false,"audioPlay":false,"sceneViewState":{"showFog":true,"showMaterialUpdate":false,"showSkybox":false,"showFlares":true,"showImageEffects":true,"showParticleSystems":true},"in2DMode":false,"pivot":{"x":1219.872802734375,"y":-133.90728759765626,"z":1006.2177734375},"rotation":{"x":-0.2969179153442383,"y":0.3002060353755951,"z":-0.09892205148935318,"w":-0.9010719060897827},"size":2347.508056640625,"orthographic":false}